Condition,EncounterCount,TotalCost,AverageCost,AvgLengthOfStay,AvgSatisfaction
Heart Disease,65,975000.00,15000.00,38.22,3.49
Stroke,66,660000.00,10000.00,40.33,2.00
Cancer,66,1650000.00,25000.00,42.65,4.00
Osteoarthritis,64,256000.00,4000.00,37.86,4.00
Fractured Arm,66,33000.00,500.00,34.26,5.00
Fractured Leg,67,201000.00,3000.00,39.00,4.00
Allergic Reaction,66,6600.00,100.00,34.24,5.00
Hypertension,66,66000.00,1000.00,35.52,4.00
Childbirth,65,780000.00,12000.00,35.52,4.00
Prostate Cancer,65,1300000.00,20000.00,41.58,3.00
Diabetes,65,130000.00,2000.00,36.09,3.51
Appendicitis,66,528000.00,8000.00,37.44,3.00
Kidney Stones,65,390000.00,6000.00,36.46,3.00
Respiratory Infection,65,52000.00,800.00,34.66,4.00
Heart Attack,67,1206000.00,18000.00,41.00,2.00
